<?xml version="1.0" encoding="UTF-8"?>
<!DOCTYPE generatorConfiguration
        PUBLIC "-//mybatis.org//DTD MyBatis Generator Configuration 1.0//EN"
        "http://mybatis.org/dtd/mybatis-generator-config_1_0.dtd">


<!-- mvn org.mybatis.generator:mybatis-generator-maven-plugin:1.3.1:generate -->



<generatorConfiguration>
	<classPathEntry location="/home/sea/.m2/repository/mysql/mysql-connector-java/5.1.30/mysql-connector-java-5.1.30.jar" />

	<context id="DB2Tables" targetRuntime="MyBatis3">
		<jdbcConnection driverClass="com.mysql.jdbc.Driver"
			connectionURL="jdbc:mysql://127.0.0.1:3306/dp_db?generateSimpleParameterMetadata=true"
			userId="root"
			password="root">
		</jdbcConnection>

		<javaTypeResolver >
			<property name="forceBigDecimals" value="false" />
		</javaTypeResolver>

		<!-- generate Model -->
		<javaModelGenerator targetPackage="com.sea.user.model" targetProject="../dp-usercenter-api/src/main/java">
			<property name="enableSubPackages" value="true" />
			<property name="trimStrings" value="true" />
		</javaModelGenerator>
		
		

		<!-- generate xml -->
		<sqlMapGenerator targetPackage="com.sea.user.mapper"  targetProject="./src/main/java">
			<property name="enableSubPackages" value="true" />
		</sqlMapGenerator>
		
		<!-- generate Mapper -->
		<javaClientGenerator type="XMLMAPPER" targetPackage="com.sea.user.dao"  targetProject="./src/main/java">
			<property name="enableSubPackages" value="true" />
		</javaClientGenerator>

		

		<!-- <table schema=""  tableName="test" domainObjectName="test"   enableCountByExample="false" enableUpdateByExample="false" enableDeleteByExample="false" enableSelectByExample="false" selectByExampleQueryId="false"></table> -->
		<!-- <table schema=""  tableName="t_cq_stage" domainObjectName="CqStage"   enableCountByExample="false" enableUpdateByExample="false" enableDeleteByExample="false" enableSelectByExample="false" selectByExampleQueryId="false"></table>
		<table schema=""  tableName="t_jx_stage" domainObjectName="JxStage"   enableCountByExample="false" enableUpdateByExample="false" enableDeleteByExample="false" enableSelectByExample="false" selectByExampleQueryId="false"></table>
		<table schema=""  tableName="t_current" domainObjectName="Current"   enableCountByExample="false" enableUpdateByExample="false" enableDeleteByExample="false" enableSelectByExample="false" selectByExampleQueryId="false"></table>
		<table schema=""  tableName="t_history" domainObjectName="History"   enableCountByExample="false" enableUpdateByExample="false" enableDeleteByExample="false" enableSelectByExample="false" selectByExampleQueryId="false"></table>
		<table schema=""  tableName="t_count_time" domainObjectName="CountTime"   enableCountByExample="false" enableUpdateByExample="false" enableDeleteByExample="false" enableSelectByExample="false" selectByExampleQueryId="false"></table> -->
		<table schema=""  tableName="t_user" domainObjectName="UserEntity"    enableCountByExample="false" enableUpdateByExample="false" enableDeleteByExample="false" enableSelectByExample="false" selectByExampleQueryId="false" >
		</table>
		<!-- <table schema=""  tableName="t_pashion" domainObjectName="Pashion"   enableCountByExample="false" enableUpdateByExample="false" enableDeleteByExample="false" enableSelectByExample="false" selectByExampleQueryId="false"></table> -->

	</context>
</generatorConfiguration>
