<?xml version="1.0" encoding="UTF-8"?>
<!DOCTYPE mapper PUBLIC "-//mybatis.org//DTD Mapper 3.0//EN" "http://mybatis.org/dtd/mybatis-3-mapper.dtd">
<mapper namespace="com.sea.user.dao.UserEntityMapper">

	<!-- 以下两个<cache>标签二选一,第一个可以输出日志,第二个不输出日志 -->
	<cache type="org.mybatis.caches.ehcache.LoggingEhcache" />
	<!-- <cache type="org.mybatis.caches.ehcache.EhcacheCache"/> -->


	<resultMap id="BaseResultMap" type="com.sea.user.model.UserEntity">
		<!-- WARNING - @mbggenerated This element is automatically generated by 
			MyBatis Generator, do not modify. This element was generated on Mon Jul 06 
			14:25:46 CST 2015. -->
		<id column="userId" jdbcType="BIGINT" property="userid" />
		<result column="username" jdbcType="VARCHAR" property="username" />
		<result column="password" jdbcType="VARCHAR" property="password" />
		<result column="encryptKey" jdbcType="VARCHAR" property="encryptkey" />
		<result column="createTime" jdbcType="BIGINT" property="createtime" />
		<result column="nickname" jdbcType="VARCHAR" property="nickname" />
		<result column="headImgUrl" jdbcType="VARCHAR" property="headimgurl" />
		<result column="gender" jdbcType="TINYINT" property="gender" />
	</resultMap>
	<sql id="Base_Column_List">
		<!-- WARNING - @mbggenerated This element is automatically generated by 
			MyBatis Generator, do not modify. This element was generated on Mon Jul 06 
			14:25:46 CST 2015. -->
		userId, username, password, encryptKey, createTime, nickname,
		headImgUrl, gender
	</sql>
	<select id="selectByPrimaryKey" parameterType="java.lang.Long"
		resultMap="BaseResultMap">
		<!-- WARNING - @mbggenerated This element is automatically generated by 
			MyBatis Generator, do not modify. This element was generated on Mon Jul 06 
			14:25:46 CST 2015. -->
		select
		<include refid="Base_Column_List" />
		from t_user
		where userId = #{userid,jdbcType=BIGINT}
	</select>
	<delete id="deleteByPrimaryKey" parameterType="java.lang.Long">
		<!-- WARNING - @mbggenerated This element is automatically generated by 
			MyBatis Generator, do not modify. This element was generated on Mon Jul 06 
			14:25:46 CST 2015. -->
		delete from t_user
		where userId = #{userid,jdbcType=BIGINT}
	</delete>
	<insert id="insert" parameterType="com.sea.user.model.UserEntity">
		<!-- WARNING - @mbggenerated This element is automatically generated by 
			MyBatis Generator, do not modify. This element was generated on Mon Jul 06 
			14:25:46 CST 2015. -->
		<selectKey keyProperty="userid" order="BEFORE" resultType="java.lang.Long">
			SELECT LAST_INSERT_ID()
		</selectKey>
		insert into t_user (userId, username, password,
		encryptKey, createTime, nickname,
		headImgUrl, gender)
		values (#{userid,jdbcType=BIGINT}, #{username,jdbcType=VARCHAR},
		#{password,jdbcType=VARCHAR},
		#{encryptkey,jdbcType=VARCHAR}, #{createtime,jdbcType=BIGINT}, #{nickname,jdbcType=VARCHAR},
		#{headimgurl,jdbcType=VARCHAR}, #{gender,jdbcType=TINYINT})
	</insert>
	<insert id="insertSelective" parameterType="com.sea.user.model.UserEntity"
		useGeneratedKeys="true" keyProperty="userid">
		<!-- WARNING - @mbggenerated This element is automatically generated by 
			MyBatis Generator, do not modify. This element was generated on Mon Jul 06 
			14:25:46 CST 2015. -->
		insert into t_user
		<trim prefix="(" suffix=")" suffixOverrides=",">
			userId,
			<if test="username != null">
				username,
			</if>
			<if test="password != null">
				password,
			</if>
			<if test="encryptkey != null">
				encryptKey,
			</if>
			<if test="createtime != null">
				createTime,
			</if>
			<if test="nickname != null">
				nickname,
			</if>
			<if test="headimgurl != null">
				headImgUrl,
			</if>
			<if test="gender != null">
				gender,
			</if>
		</trim>
		<trim prefix="values (" suffix=")" suffixOverrides=",">
			#{userid,jdbcType=BIGINT},
			<if test="username != null">
				#{username,jdbcType=VARCHAR},
			</if>
			<if test="password != null">
				#{password,jdbcType=VARCHAR},
			</if>
			<if test="encryptkey != null">
				#{encryptkey,jdbcType=VARCHAR},
			</if>
			<if test="createtime != null">
				#{createtime,jdbcType=BIGINT},
			</if>
			<if test="nickname != null">
				#{nickname,jdbcType=VARCHAR},
			</if>
			<if test="headimgurl != null">
				#{headimgurl,jdbcType=VARCHAR},
			</if>
			<if test="gender != null">
				#{gender,jdbcType=TINYINT},
			</if>
		</trim>
	</insert>
	<update id="updateByPrimaryKeySelective" parameterType="com.sea.user.model.UserEntity">
		<!-- WARNING - @mbggenerated This element is automatically generated by 
			MyBatis Generator, do not modify. This element was generated on Mon Jul 06 
			14:25:46 CST 2015. -->
		update t_user
		<set>
			<if test="username != null">
				username = #{username,jdbcType=VARCHAR},
			</if>
			<if test="password != null">
				password = #{password,jdbcType=VARCHAR},
			</if>
			<if test="encryptkey != null">
				encryptKey = #{encryptkey,jdbcType=VARCHAR},
			</if>
			<if test="createtime != null">
				createTime = #{createtime,jdbcType=BIGINT},
			</if>
			<if test="nickname != null">
				nickname = #{nickname,jdbcType=VARCHAR},
			</if>
			<if test="headimgurl != null">
				headImgUrl = #{headimgurl,jdbcType=VARCHAR},
			</if>
			<if test="gender != null">
				gender = #{gender,jdbcType=TINYINT},
			</if>
		</set>
		where userId = #{userid,jdbcType=BIGINT}
	</update>
	<update id="updateByPrimaryKey" parameterType="com.sea.user.model.UserEntity">
		<!-- WARNING - @mbggenerated This element is automatically generated by 
			MyBatis Generator, do not modify. This element was generated on Mon Jul 06 
			14:25:46 CST 2015. -->
		update t_user
		set username = #{username,jdbcType=VARCHAR},
		password = #{password,jdbcType=VARCHAR},
		encryptKey = #{encryptkey,jdbcType=VARCHAR},
		createTime = #{createtime,jdbcType=BIGINT},
		nickname = #{nickname,jdbcType=VARCHAR},
		headImgUrl = #{headimgurl,jdbcType=VARCHAR},
		gender = #{gender,jdbcType=TINYINT}
		where userId = #{userid,jdbcType=BIGINT}
	</update>
</mapper>