<?xml version="1.0" encoding="UTF-8"?>
<beans xmlns="http://www.springframework.org/schema/beans"
	xmlns:xsi="http://www.w3.org/2001/XMLSchema-instance" xmlns:aop="http://www.springframework.org/schema/aop"
	xmlns:tx="http://www.springframework.org/schema/tx" xmlns:context="http://www.springframework.org/schema/context"
	xmlns:mvc="http://www.springframework.org/schema/mvc"
	xsi:schemaLocation="http://www.springframework.org/schema/beans 
	http://www.springframework.org/schema/beans/spring-beans.xsd 
	http://www.springframework.org/schema/tx 
	http://www.springframework.org/schema/tx/spring-tx.xsd
	http://www.springframework.org/schema/context
    http://www.springframework.org/schema/context/spring-context.xsd
	http://www.springframework.org/schema/mvc
    http://www.springframework.org/schema/mvc/spring-mvc.xsd
    http://www.springframework.org/schema/util  
    http://www.springframework.org/schema/util/spring-util.xsd">

	<context:component-scan base-package="com.sea" />

	<mvc:annotation-driven>
		<!-- 消息转换使用json格式 -->
		<mvc:message-converters>
			<bean
				class="org.springframework.http.converter.json.MappingJackson2HttpMessageConverter">
				<property name="supportedMediaTypes">
					<list>
						<value>application/json;charset=UTF-8</value>
					</list>
				</property>
				<property name="prettyPrint" value="true" />
			</bean>
		</mvc:message-converters>
	</mvc:annotation-driven>

	<mvc:interceptors>
		<bean class="com.sea.framework.PerformanceInterceptor" />
		<bean class="com.sea.framework.AuthorityAnnotationInterceptor" />
	</mvc:interceptors>

	<!-- 上传 -->
	<bean id="multipartResolver"
		class="org.springframework.web.multipart.support.StandardServletMultipartResolver">
	</bean>



	<bean id="handlerExceptionResolver"
		class="com.sea.framework.MyAnnotationHandlerMethodExceptionResolver">
		<property name="defaultErrorView" value="error.jsp" /><!-- 错误页面 -->
		<property name="messageConverters">
			<bean
				class="org.springframework.http.converter.json.MappingJackson2HttpMessageConverter">
				<property name="supportedMediaTypes">
					<list>
						<value>application/json;charset=UTF-8</value>
					</list>
				</property>
				<property name="prettyPrint" value="true" />
			</bean>
		</property>
		<!--见上一篇，有定义过，标有@ResponseBody被此messageConverters输出 -->
	</bean>

	<!-- 对静态资源文件的访问 -->
	<mvc:resources mapping="/images/**" location="/images/"
		cache-period="31556926" />
	<mvc:resources mapping="/js/**" location="/js/"
		cache-period="31556926" />
	<mvc:resources mapping="/css/**" location="/css/"
		cache-period="31556926" />
	<mvc:resources mapping="/html/**" location="/html/"
		cache-period="31556926" />

</beans> 
