<?xml version="1.0" encoding="UTF-8"?>
<beans xmlns="http://www.springframework.org/schema/beans"
	xmlns:xsi="http://www.w3.org/2001/XMLSchema-instance" xmlns:p="http://www.springframework.org/schema/p"
	xmlns:context="http://www.springframework.org/schema/context"
	xmlns:aop="http://www.springframework.org/schema/aop" xmlns:tx="http://www.springframework.org/schema/tx"
	xsi:schemaLocation="http://www.springframework.org/schema/beans 
	http://www.springframework.org/schema/beans/spring-beans-4.1.xsd
	http://www.springframework.org/schema/context 
	http://www.springframework.org/schema/context/spring-context-4.1.xsd
	http://www.springframework.org/schema/aop 
	http://www.springframework.org/schema/aop/spring-aop-4.1.xsd 
	http://www.springframework.org/schema/tx
    http://www.springframework.org/schema/tx/spring-tx-3.1.xsd
	">
	<!-- <context:property-placeholder location="classpath:jdbc.properties"/> -->


	<aop:aspectj-autoproxy />
	<!-- 数据源配置 -->
	<context:property-placeholder location="classpath:jdbc.properties" />
	<bean name="dataSource" id="dataSource"
		class="com.mchange.v2.c3p0.ComboPooledDataSource">
		<property name="driverClass" value="${jdbc.driverClassName}" />
		<property name="jdbcUrl" value="${jdbc.url}" />
		<property name="user" value="${jdbc.username}" />
		<property name="password" value="${jdbc.password}" />
		<property name="autoCommitOnClose" value="true" />
		<property name="checkoutTimeout" value="${cpool.checkoutTimeout}" />
		<property name="initialPoolSize" value="${cpool.minPoolSize}" />
		<property name="minPoolSize" value="${cpool.minPoolSize}" />
		<property name="maxPoolSize" value="${cpool.maxPoolSize}" />
		<property name="maxIdleTime" value="${cpool.maxIdleTime}" />
		<property name="acquireIncrement" value="${cpool.acquireIncrement}" />
		<property name="maxIdleTimeExcessConnections" value="${cpool.maxIdleTimeExcessConnections}" />
	</bean>


	<!-- ibatis3.x 配置 -->
	<bean id="sqlSessionFactory" class="org.mybatis.spring.SqlSessionFactoryBean">
		<!-- 指定sqlMapConfig总配置文件，订制的environment在spring容器中不在生效 -->
		<property name="configLocation" value="classpath:mybatis-config.xml" />
		<!--指定实体类映射文件，可以指定同时指定某一包以及子包下面的所有配置文件，mapperLocations和configLocation有一个即可，当需要为实体类指定别名时，可指定configLocation属性，再在mybatis总配置文件中采用mapper引入实体类映射文件 -->
		<!-- <property name="mapperLocations" value="classpath*:com/sea/**/*.xml"/> -->
		<property name="dataSource" ref="dataSource" />
	</bean>
	<bean id="sqlSessionTemplate" class="org.mybatis.spring.SqlSessionTemplate">
		<constructor-arg index="0" ref="sqlSessionFactory" />
	</bean>

	<!-- ================================事务相关控制================================================= -->
	<!-- 数据连接管理 -->
	<bean id="transactionManager"
		class="org.springframework.jdbc.datasource.DataSourceTransactionManager">
		<property name="dataSource" ref="dataSource" />
	</bean>

	<tx:advice id="userTxAdvice" transaction-manager="transactionManager">
		<tx:attributes>
			<tx:method name="delete*" propagation="REQUIRED" read-only="false"
				rollback-for="java.lang.Exception" no-rollback-for="java.lang.RuntimeException" />
			<tx:method name="insert*" propagation="REQUIRED" read-only="false"
				rollback-for="java.lang.RuntimeException" />
			<tx:method name="update*" propagation="REQUIRED" read-only="false"
				rollback-for="java.lang.Exception" />

			<tx:method name="find*" propagation="SUPPORTS" />
			<tx:method name="get*" propagation="SUPPORTS" />
			<tx:method name="select*" propagation="SUPPORTS" />
		</tx:attributes>
	</tx:advice>

	<aop:config>
		<aop:pointcut id="pc"
			expression="execution(public * com.sea.*.service.*.*(..))" /> <!--把事务控制在Service层 -->
		<aop:advisor pointcut-ref="pc" advice-ref="userTxAdvice" />
	</aop:config>

	<!-- 让Spring通过自动扫描来查询和管理Bean -->
	<context:component-scan base-package="com.sea" />

	<beans>
	</beans>

</beans>
